<?xml version="1.0" encoding="UTF-8"?>
<url-list>
  <title l10n="yes">URL list template</title>
  <favorite>yes</favorite>                    

  <bookmark>
    <title l10n="yes">XYZ GET</title>
    <method>get</method>
    <favorite>yes</favorite>                 
    <url>http://www.xyz.com</url>
    <subtitle l10n="yes"></subtitle>
    <thumbnail l10n="yes"></thumbnail>
    <smart-tunnel></smart-tunnel>
    <window>current|new</window>                   
  </bookmark>

  <bookmark>
     <title l10n="yes">XYZ POST</title>
     <method>post</method>
     <favorite>yes</favorite>                 
     <url>http://www.google.com</url>
     <subtitle l10n="yes"></subtitle>
     <thumbnail l10n="yes"></thumbnail>
     <smart-tunnel></smart-tunnel>                  
     <post-param>
       <value></value>
       <name></name>
     </post-param>
   </bookmark>

</url-list>